{"cameraMode":{"drawMode":0,"name":"Shaded","section":"Shading Mode"},"sceneLighting":false,"audioPlay":false,"sceneViewState":{"showFog":true,"showMaterialUpdate":false,"showSkybox":false,"showFlares":true,"showImageEffects":true,"showParticleSystems":true},"in2DMode":false,"pivot":{"x":0.0,"y":0.14646212756633759,"z":-1.4901161193847657e-8},"rotation":{"x":0.12786082923412324,"y":-0.7971129417419434,"z":0.18142513930797578,"w":0.5616211295127869},"size":0.5659831166267395,"orthographic":false}